Id;Nome;Telefone;Email
1;Henrique Teixeira Carvalho;(43) 92953-7600;henrique.teixeira549@uol.com.br
2;Tiago Freitas Andrade;(64) 91288-2384;tiago.freitas882@gmail.com
3;Lucas Machado Vieira;(13) 91198-6617;lucas.machado944@uol.com.br
4;Jorge Carvalho Ribeiro;(63) 99508-5589;jorge.carvalho962@gmail.com
5;João Nascimento Freitas;(95) 93260-4924;joão.nascimento904@outlook.com
6;Joana Costa Rocha;(92) 94984-3158;joana.costa297@yahoo.com.br
7;Pedro Freitas Almeida;(11) 94722-9511;pedro.freitas698@uol.com.br
8;Paulo Dias Monteiro;(24) 95524-7286;paulo.dias920@hotmail.com
9;Orlando Moraes Pinto;(64) 94999-7655;orlando.moraes235@outlook.com
10;Livia Machado Costa;(92) 92591-1929;livia.machado48@uol.com.br
11;Alexandre Gomes Castro;(49) 91607-8642;alexandre.gomes338@yahoo.com.br
12;Uendel Barbosa Cardoso;(69) 99216-4247;uendel.barbosa720@uol.com.br
13;Vitor Fernandes Rocha;(91) 98004-9255;vitor.fernandes907@uol.com.br
14;Tatiana Moraes Nunes;(69) 92683-8890;tatiana.moraes635@yahoo.com.br
15;Igor Ramos Ramos;(87) 99326-7364;igor.ramos918@outlook.com
16;Livia Ferreira Mendes;(81) 96516-1567;livia.ferreira461@uol.com.br
17;Natalia Andrade Lima;(42) 92069-3330;natalia.andrade426@uol.com.br
18;Vitor Silva Alves;(84) 94592-2825;vitor.silva863@yahoo.com.br
19;Ingrid Andrade Pereira;(13) 97202-4791;ingrid.andrade827@outlook.com
20;Wagner Moraes Dias;(81) 98336-5085;wagner.moraes677@yahoo.com.br
21;Livia Nunes Vieira;(11) 91636-4082;livia.nunes432@gmail.com
22;Larissa Cardoso Nunes;(33) 95689-5137;larissa.cardoso373@gmail.com
23;Beatriz Machado Pinto;(28) 93023-7740;beatriz.machado342@uol.com.br
24;Helena Rodrigues Correia;(37) 94937-3914;helena.rodrigues862@yahoo.com.br
25;Helena Rodrigues Machado;(94) 98514-4584;helena.rodrigues192@outlook.com
26;Matheus Fernandes Lima;(15) 97253-1188;matheus.fernandes962@outlook.com
27;Ingrid Moreira Andrade;(14) 93747-4302;ingrid.moreira464@uol.com.br
28;Henrique Almeida Ferreira;(15) 91320-3996;henrique.almeida878@gmail.com
29;Gustavo Ramos Gomes;(37) 92948-2641;gustavo.ramos798@outlook.com
30;Monica Andrade Carvalho;(97) 93595-5446;monica.andrade399@gmail.com
31;Bruna Machado Cardoso;(49) 96710-1853;bruna.machado645@outlook.com
32;Wagner Barbosa Martins;(17) 93375-8823;wagner.barbosa230@yahoo.com.br
33;Vitor Nascimento Lopes;(92) 94998-7397;vitor.nascimento631@gmail.com
34;Fernanda Lopes Rocha;(45) 93717-3105;fernanda.lopes16@gmail.com
35;Alexandre Lopes Machado;(17) 91812-1744;alexandre.lopes430@outlook.com
36;Alexandre Cavalcanti Cardoso;(49) 95620-6885;alexandre.cavalcanti511@uol.com.br
37;Gustavo Correia Silva;(83) 96784-8471;gustavo.correia322@yahoo.com.br
38;Isabela Nascimento Rocha;(69) 94415-6348;isabela.nascimento339@uol.com.br
39;Fernanda Marques Ribeiro;(86) 97146-2938;fernanda.marques344@hotmail.com
40;Joana Marques Cavalcanti;(84) 94566-4940;joana.marques642@yahoo.com.br
41;Uendel Teixeira Castro;(79) 99338-3434;uendel.teixeira483@outlook.com
42;Uendel Costa Ribeiro;(81) 93388-8527;uendel.costa30@outlook.com
43;Cesar Lima Ramos;(18) 93216-1555;cesar.lima149@outlook.com
44;Olivia Teixeira Castro;(89) 99080-4005;olivia.teixeira789@hotmail.com
45;Tiago Rocha Machado;(18) 99139-3146;tiago.rocha442@yahoo.com.br
46;Matheus Moreira Mendes;(14) 93996-7522;matheus.moreira726@gmail.com
47;Fatima Teixeira Ribeiro;(24) 98443-9336;fatima.teixeira103@gmail.com
48;Ivan Mendes Carvalho;(11) 98171-4255;ivan.mendes899@uol.com.br
49;Queila Machado Machado;(12) 94105-7982;queila.machado256@outlook.com
50;Ivan Correia Ribeiro;(77) 99864-5589;ivan.correia834@uol.com.br
51;Nicolas Almeida Gomes;(96) 96593-3229;nicolas.almeida828@gmail.com
52;Tiago Machado Rodrigues;(98) 93704-8929;tiago.machado471@hotmail.com
53;Yasmin Ramos Pinto;(64) 91219-7448;yasmin.ramos373@uol.com.br
54;Emerson Alves Gomes;(75) 97580-8356;emerson.alves66@hotmail.com
55;Yasmin Pereira Machado;(17) 94348-8867;yasmin.pereira339@yahoo.com.br
56;Leonardo Pereira Pereira;(97) 92079-8131;leonardo.pereira137@yahoo.com.br
57;Patricia Mendes Alves;(33) 94534-1726;patricia.mendes245@uol.com.br
58;Nicolas Correia Silva;(55) 95928-7363;nicolas.correia257@uol.com.br
59;Paulo Sousa Monteiro;(22) 96862-3005;paulo.sousa371@outlook.com
60;Juliana Santos Machado;(85) 97710-5658;juliana.santos141@outlook.com
61;Alexandre Vieira Nascimento;(35) 99443-3286;alexandre.vieira368@hotmail.com
62;Helena Cavalcanti Dias;(24) 95757-6638;helena.cavalcanti289@gmail.com
63;Kamila Nascimento Almeida;(79) 93402-1933;kamila.nascimento535@gmail.com
64;Felipe Teixeira Correia;(37) 91392-7082;felipe.teixeira918@gmail.com
65;Beatriz Rocha Oliveira;(34) 96274-4912;beatriz.rocha937@hotmail.com
66;Ana Rodrigues Alves;(45) 98715-1068;ana.rodrigues272@outlook.com
67;Marcelo Nunes Barbosa;(24) 98568-8497;marcelo.nunes116@uol.com.br
68;Ivan Cardoso Pinto;(74) 93141-5878;ivan.cardoso402@gmail.com
69;Carla Pinto Nunes;(79) 99385-7660;carla.pinto245@uol.com.br
70;Paulo Santos Carvalho;(69) 92391-2142;paulo.santos290@outlook.com
71;Bruna Rodrigues Almeida;(73) 92110-2588;bruna.rodrigues164@outlook.com
72;Pedro Marques Costa;(63) 96730-3552;pedro.marques630@uol.com.br
73;Queila Costa Santos;(98) 95770-3035;queila.costa673@uol.com.br
74;Felipe Ribeiro Ribeiro;(16) 97931-6208;felipe.ribeiro522@gmail.com
75;Ricardo Barbosa Pinto;(98) 93140-9676;ricardo.barbosa992@outlook.com
76;Samuel Lopes Dias;(86) 93548-9541;samuel.lopes198@outlook.com
77;Cristina Ramos Barbosa;(66) 96318-2356;cristina.ramos793@uol.com.br
78;Nelson Monteiro Ferreira;(99) 96350-5273;nelson.monteiro90@gmail.com
79;Alexandre Barbosa Moraes;(89) 93112-4373;alexandre.barbosa118@yahoo.com.br
80;Gabriel Marques Rocha;(83) 92409-9047;gabriel.marques421@outlook.com
81;Ana Rocha Barbosa;(49) 98076-3610;ana.rocha190@yahoo.com.br
82;Mariana Ribeiro Gomes;(96) 95598-2720;mariana.ribeiro630@outlook.com
83;Juliana Oliveira Correia;(68) 91763-5193;juliana.oliveira898@outlook.com
84;Kamila Vieira Gomes;(46) 99190-2833;kamila.vieira661@gmail.com
85;Cristina Gomes Rodrigues;(32) 96785-2240;cristina.gomes454@hotmail.com
86;Cristina Sousa Fernandes;(21) 98642-2110;cristina.sousa571@uol.com.br
87;Otavio Correia Fernandes;(61) 98299-9751;otavio.correia243@gmail.com
88;Emerson Monteiro Barbosa;(61) 95859-4059;emerson.monteiro977@yahoo.com.br
89;Otavio Ramos Moreira;(33) 93978-3964;otavio.ramos549@uol.com.br
90;Samuel Freitas Dias;(92) 99746-4803;samuel.freitas853@yahoo.com.br
91;Fernanda Ribeiro Gomes;(97) 91527-6942;fernanda.ribeiro53@uol.com.br
92;Emerson Lopes Nascimento;(99) 91592-1015;emerson.lopes617@outlook.com
93;Tiago Pinto Cavalcanti;(45) 93690-3909;tiago.pinto978@uol.com.br
94;Lucas Marques Mendes;(95) 92902-8783;lucas.marques152@hotmail.com
95;Daniel Pinto Pereira;(93) 98934-3696;daniel.pinto443@gmail.com
96;Kaique Cardoso Moraes;(85) 96250-1793;kaique.cardoso866@uol.com.br
97;Lucas Pinto Silva;(62) 93783-4250;lucas.pinto99@uol.com.br
98;Cristina Almeida Machado;(88) 96374-5039;cristina.almeida225@uol.com.br
99;Alexandre Marques Freitas;(17) 92447-5795;alexandre.marques54@gmail.com
100;Larissa Andrade Lopes;(69) 98125-2079;larissa.andrade512@uol.com.br
101;Kevin Lopes Carvalho;(37) 91850-7402;kevin.lopes715@outlook.com
102;Beatriz Pinto Lopes;(69) 94027-3913;beatriz.pinto732@uol.com.br
103;Roberta Pinto Cavalcanti;(61) 92941-3640;roberta.pinto939@outlook.com
104;Marcelo Cavalcanti Ribeiro;(33) 94461-7866;marcelo.cavalcanti876@gmail.com
105;Lucas Lopes Moraes;(84) 95552-1130;lucas.lopes678@uol.com.br
106;Alexandre Marques Santos;(46) 93787-2825;alexandre.marques728@gmail.com
107;Bruna Ferreira Machado;(74) 98119-4119;bruna.ferreira849@uol.com.br
108;Gustavo Correia Ribeiro;(73) 97075-9821;gustavo.correia434@gmail.com
109;Emerson Monteiro Cavalcanti;(68) 91858-3937;emerson.monteiro252@hotmail.com
110;Thiago Oliveira Machado;(66) 93647-7890;thiago.oliveira682@yahoo.com.br
111;Nelson Rodrigues Sousa;(71) 99667-4712;nelson.rodrigues422@hotmail.com
112;Ivan Souza Nunes;(93) 97841-4290;ivan.souza408@hotmail.com
113;Roberta Andrade Costa;(42) 95548-9020;roberta.andrade497@hotmail.com
114;Ricardo Barbosa Rocha;(62) 92784-2294;ricardo.barbosa75@yahoo.com.br
115;Felipe Moreira Moreira;(46) 96615-8429;felipe.moreira259@hotmail.com
116;Livia Cavalcanti Rocha;(41) 94433-7548;livia.cavalcanti445@outlook.com
117;Kamila Lopes Santos;(92) 93086-2461;kamila.lopes382@yahoo.com.br
118;Emerson Alves Sousa;(28) 91335-3218;emerson.alves545@hotmail.com
119;Eduarda Monteiro Mendes;(68) 96002-9290;eduarda.monteiro355@hotmail.com
120;Ulisses Vieira Ribeiro;(82) 97921-1776;ulisses.vieira240@uol.com.br
121;Lucas Marques Moraes;(89) 92508-5485;lucas.marques607@gmail.com
122;Tiago Pinto Fernandes;(34) 91492-8658;tiago.pinto179@gmail.com
123;Juliana Correia Andrade;(63) 97335-7509;juliana.correia765@hotmail.com
124;Karina Cavalcanti Lima;(27) 93015-2321;karina.cavalcanti843@yahoo.com.br
125;Uendel Machado Machado;(48) 92808-9142;uendel.machado582@gmail.com
126;Ana Mendes Alves;(53) 93608-7419;ana.mendes244@hotmail.com
127;Mariana Correia Andrade;(84) 93148-4343;mariana.correia528@gmail.com
128;Nicolas Rocha Moreira;(53) 95517-4646;nicolas.rocha766@outlook.com
129;Ursula Araujo Silva;(47) 94048-1658;ursula.araujo307@outlook.com
130;Elaine Cavalcanti Ferreira;(84) 99087-5897;elaine.cavalcanti644@uol.com.br
131;Felipe Carvalho Sousa;(87) 98526-3657;felipe.carvalho816@outlook.com
132;Patricia Castro Ferreira;(53) 94170-8741;patricia.castro110@yahoo.com.br
133;Olivia Pereira Pereira;(91) 93897-2055;olivia.pereira624@hotmail.com
134;Thiago Fernandes Andrade;(35) 96304-6936;thiago.fernandes264@gmail.com
135;João Almeida Sousa;(92) 93757-2879;joão.almeida876@hotmail.com
136;Sergio Teixeira Barbosa;(18) 93523-8475;sergio.teixeira346@outlook.com
137;Eduarda Lopes Andrade;(55) 99162-8467;eduarda.lopes750@yahoo.com.br
138;Carla Moraes Castro;(74) 93072-6632;carla.moraes238@outlook.com
139;Paulo Oliveira Lopes;(55) 93557-9360;paulo.oliveira426@outlook.com
140;Otavio Mendes Pereira;(61) 98295-4103;otavio.mendes878@yahoo.com.br
141;Fatima Vieira Ribeiro;(65) 95694-9777;fatima.vieira826@uol.com.br
142;Uendel Nunes Cavalcanti;(53) 93997-4841;uendel.nunes351@outlook.com
143;Daniela Pereira Rodrigues;(34) 92852-6932;daniela.pereira581@outlook.com
144;Kevin Oliveira Araujo;(33) 94246-4847;kevin.oliveira755@uol.com.br
145;Juliana Machado Ribeiro;(14) 95320-9675;juliana.machado227@hotmail.com
146;Livia Ramos Araujo;(96) 92193-6598;livia.ramos711@gmail.com
147;Marcelo Dias Santos;(49) 94061-4124;marcelo.dias275@hotmail.com
148;Otavio Nascimento Monteiro;(91) 94110-8514;otavio.nascimento925@hotmail.com
149;Natalia Cavalcanti Souza;(22) 97583-2280;natalia.cavalcanti679@hotmail.com
150;Felipe Santos Pereira;(53) 92075-6283;felipe.santos160@hotmail.com
151;Nicolas Santos Cardoso;(31) 99914-2381;nicolas.santos739@hotmail.com
152;Olivia Araujo Lopes;(55) 94117-3534;olivia.araujo766@outlook.com
153;Beatriz Sousa Dias;(96) 96332-9213;beatriz.sousa26@hotmail.com
154;João Ribeiro Martins;(93) 91593-1314;joão.ribeiro151@uol.com.br
155;Fernanda Oliveira Correia;(62) 95029-9740;fernanda.oliveira372@gmail.com
156;Patricia Nascimento Andrade;(28) 95039-7838;patricia.nascimento596@yahoo.com.br
157;Alexandre Lopes Ribeiro;(96) 98930-4397;alexandre.lopes637@uol.com.br
158;Sergio Lopes Carvalho;(91) 94042-7447;sergio.lopes433@yahoo.com.br
159;Leonardo Santos Rocha;(48) 96398-1004;leonardo.santos340@uol.com.br
160;Eduardo Santos Lima;(85) 92480-5486;eduardo.santos446@outlook.com
161;Kamila Pinto Teixeira;(68) 92592-1785;kamila.pinto705@yahoo.com.br
162;Gabriel Andrade Lopes;(93) 99337-4172;gabriel.andrade727@hotmail.com
163;Matheus Moreira Gomes;(73) 91823-8042;matheus.moreira755@gmail.com
164;Marcelo Nascimento Mendes;(82) 96968-1781;marcelo.nascimento579@outlook.com
165;Gabriel Martins Fernandes;(21) 96246-6360;gabriel.martins346@outlook.com
166;Rafael Vieira Cavalcanti;(74) 95541-7574;rafael.vieira559@uol.com.br
167;Yasmin Monteiro Dias;(74) 95588-3768;yasmin.monteiro269@uol.com.br
168;Adriana Oliveira Cardoso;(77) 96227-9826;adriana.oliveira29@outlook.com
169;Mariana Cardoso Freitas;(32) 99888-8455;mariana.cardoso820@gmail.com
170;Heloisa Gomes Correia;(37) 98898-2486;heloisa.gomes111@outlook.com
171;Sandra Martins Costa;(41) 94657-1543;sandra.martins428@outlook.com
172;Nadia Dias Andrade;(35) 94571-5120;nadia.dias938@outlook.com
173;Gabriel Nunes Andrade;(88) 95897-6834;gabriel.nunes717@outlook.com
174;Karina Santos Rodrigues;(42) 96086-3984;karina.santos735@gmail.com
175;Ivan Correia Carvalho;(11) 95372-5677;ivan.correia28@uol.com.br
176;Vanessa Teixeira Cardoso;(31) 98538-2556;vanessa.teixeira184@outlook.com
177;Emerson Moraes Sousa;(88) 92818-1120;emerson.moraes508@outlook.com
178;Olivia Andrade Martins;(13) 95260-3028;olivia.andrade52@hotmail.com
179;Giovana Rocha Almeida;(37) 91984-1683;giovana.rocha407@outlook.com
180;Ana Moraes Moraes;(24) 92225-5913;ana.moraes756@hotmail.com
181;Patricia Ferreira Oliveira;(16) 96681-3885;patricia.ferreira509@outlook.com
182;Natalia Cardoso Moreira;(75) 95637-9979;natalia.cardoso178@outlook.com
183;Natalia Silva Santos;(82) 98856-7096;natalia.silva482@uol.com.br
184;Beatriz Barbosa Araujo;(48) 92305-5256;beatriz.barbosa110@yahoo.com.br
185;Ivan Alves Oliveira;(45) 91150-6878;ivan.alves296@uol.com.br
186;Waleska Moraes Lopes;(32) 97901-8350;waleska.moraes76@uol.com.br
187;Rafael Cavalcanti Monteiro;(65) 92983-1615;rafael.cavalcanti536@outlook.com
188;Gabriela Castro Andrade;(67) 93480-2952;gabriela.castro19@gmail.com
189;Vanessa Machado Nascimento;(88) 91052-9392;vanessa.machado270@hotmail.com
190;Kamila Mendes Souza;(33) 97186-6725;kamila.mendes503@yahoo.com.br
191;Thiago Carvalho Sousa;(16) 97063-4607;thiago.carvalho275@uol.com.br
192;Pedro Rodrigues Rodrigues;(18) 91759-8314;pedro.rodrigues172@uol.com.br
193;Fatima Oliveira Teixeira;(31) 98993-2780;fatima.oliveira831@uol.com.br
194;Ivan Moreira Gomes;(65) 92710-8676;ivan.moreira709@gmail.com
195;Jorge Machado Moraes;(64) 91780-1970;jorge.machado480@yahoo.com.br
196;Helena Mendes Machado;(27) 97759-6411;helena.mendes601@yahoo.com.br
197;Kamila Dias Moraes;(32) 95408-8026;kamila.dias44@uol.com.br
198;Hudson Dias Nunes;(96) 98799-3034;hudson.dias59@yahoo.com.br
199;Zelia Almeida Santos;(24) 91586-9917;zelia.almeida68@hotmail.com
200;Daniela Lopes Ribeiro;(68) 97754-7620;daniela.lopes525@hotmail.com
201;Patricia Santos Dias;(93) 95975-3993;patricia.santos206@yahoo.com.br
202;Hudson Vieira Gomes;(98) 91580-5072;hudson.vieira18@outlook.com
203;Nadia Teixeira Vieira;(17) 95774-1488;nadia.teixeira873@outlook.com
204;Cristina Costa Teixeira;(41) 99248-3356;cristina.costa496@yahoo.com.br
205;Felipe Andrade Alves;(11) 92503-9583;felipe.andrade955@outlook.com
206;Otavio Monteiro Dias;(45) 96579-5944;otavio.monteiro989@outlook.com
207;Ivan Nascimento Dias;(15) 93081-4939;ivan.nascimento942@uol.com.br
208;Kaique Castro Oliveira;(93) 95341-1422;kaique.castro283@yahoo.com.br
209;Carlos Andrade Sousa;(41) 94810-1437;carlos.andrade502@uol.com.br
210;Xenya Carvalho Araujo;(96) 94087-4707;xenya.carvalho893@yahoo.com.br
211;Adriana Ferreira Alves;(31) 91561-7980;adriana.ferreira822@hotmail.com
212;Nelson Martins Ramos;(87) 98799-9098;nelson.martins993@uol.com.br
213;Zelia Almeida Moreira;(82) 96000-9888;zelia.almeida542@uol.com.br
214;Kevin Oliveira Rodrigues;(35) 97531-6682;kevin.oliveira527@hotmail.com
215;Matheus Pereira Alves;(32) 96924-2438;matheus.pereira323@uol.com.br
216;Fabricio Correia Lopes;(92) 91466-6634;fabricio.correia332@yahoo.com.br
217;Carla Correia Araujo;(86) 95584-7145;carla.correia567@yahoo.com.br
218;Carlos Monteiro Castro;(74) 96666-8638;carlos.monteiro983@gmail.com
219;Debora Ferreira Correia;(73) 93080-5943;debora.ferreira483@uol.com.br
220;Sandra Lopes Dias;(12) 94474-8666;sandra.lopes961@hotmail.com
221;Mariana Pinto Castro;(53) 97435-1774;mariana.pinto851@uol.com.br
222;Debora Nunes Araujo;(15) 99529-5767;debora.nunes810@uol.com.br
223;Ursula Costa Monteiro;(69) 96872-6121;ursula.costa760@outlook.com
224;Paulo Barbosa Mendes;(69) 99923-6540;paulo.barbosa591@yahoo.com.br
225;Bruna Carvalho Ferreira;(71) 95980-5528;bruna.carvalho939@outlook.com
226;Jorge Alves Moreira;(12) 93813-9958;jorge.alves817@gmail.com
227;Zelia Gomes Mendes;(47) 92364-1004;zelia.gomes976@hotmail.com
228;Sandra Martins Nunes;(46) 94090-5993;sandra.martins785@gmail.com
229;Nadia Souza Freitas;(73) 96016-4815;nadia.souza560@outlook.com
230;Waleska Carvalho Moraes;(37) 91387-8929;waleska.carvalho898@outlook.com
231;Larissa Lopes Andrade;(62) 95886-4564;larissa.lopes375@hotmail.com
232;Otavio Andrade Silva;(31) 96050-9460;otavio.andrade36@gmail.com
233;Karina Nascimento Correia;(96) 93877-8298;karina.nascimento967@uol.com.br
234;Bruno Alves Dias;(55) 98835-2635;bruno.alves762@gmail.com
235;Marcelo Mendes Ribeiro;(68) 97136-2192;marcelo.mendes925@gmail.com
236;Ana Alves Marques;(87) 93530-9345;ana.alves357@gmail.com
237;Olivia Rocha Santos;(22) 91544-2826;olivia.rocha202@hotmail.com
238;Vitor Gomes Castro;(71) 95205-4464;vitor.gomes667@outlook.com
239;Eduardo Nascimento Ramos;(19) 94564-2970;eduardo.nascimento557@gmail.com
240;Livia Moraes Cardoso;(77) 97799-8560;livia.moraes125@yahoo.com.br
241;Nadia Fernandes Carvalho;(77) 91391-2112;nadia.fernandes947@uol.com.br
242;Patricia Gomes Pereira;(93) 99276-4130;patricia.gomes65@hotmail.com
243;Pedro Monteiro Oliveira;(94) 91596-3588;pedro.monteiro756@gmail.com
244;Fatima Ramos Lima;(87) 95032-1970;fatima.ramos228@uol.com.br
245;Sergio Araujo Pinto;(83) 97147-2907;sergio.araujo701@gmail.com
246;Ingrid Nunes Fernandes;(15) 95142-4581;ingrid.nunes124@outlook.com
247;Elaine Ribeiro Cardoso;(16) 99061-4689;elaine.ribeiro107@outlook.com
248;Mariana Nunes Barbosa;(98) 96851-1030;mariana.nunes422@outlook.com
249;Fernanda Souza Oliveira;(47) 98515-4261;fernanda.souza443@hotmail.com
250;Adriana Almeida Castro;(71) 93393-5390;adriana.almeida635@uol.com.br
251;Adriana Andrade Castro;(19) 94260-9048;adriana.andrade669@gmail.com
252;Fabricio Cavalcanti Moraes;(17) 91299-4394;fabricio.cavalcanti121@gmail.com
253;Tatiana Monteiro Andrade;(19) 97664-5561;tatiana.monteiro836@outlook.com
254;Pedro Carvalho Teixeira;(82) 96164-7270;pedro.carvalho428@hotmail.com
255;Isabela Ribeiro Fernandes;(71) 97225-1612;isabela.ribeiro291@yahoo.com.br
256;Waleska Santos Vieira;(73) 96868-5090;waleska.santos37@uol.com.br
257;Kamila Oliveira Nascimento;(64) 92521-3547;kamila.oliveira789@yahoo.com.br
258;Ivan Castro Dias;(77) 91098-3016;ivan.castro597@hotmail.com
259;Otavio Martins Ribeiro;(53) 97474-7062;otavio.martins607@gmail.com
260;Debora Nascimento Lopes;(67) 97014-1753;debora.nascimento59@yahoo.com.br
261;Patricia Cavalcanti Pereira;(43) 97230-3891;patricia.cavalcanti270@gmail.com
262;Larissa Andrade Marques;(27) 91465-7179;larissa.andrade479@gmail.com
263;Ingrid Machado Rodrigues;(88) 99203-9370;ingrid.machado766@gmail.com
264;Gustavo Carvalho Vieira;(88) 93040-7534;gustavo.carvalho792@outlook.com
265;Isabela Dias Lima;(38) 93205-8648;isabela.dias221@hotmail.com
266;Debora Ferreira Mendes;(18) 98967-2188;debora.ferreira160@outlook.com
267;Vanessa Moraes Souza;(66) 92683-9205;vanessa.moraes609@yahoo.com.br
268;Ursula Alves Alves;(83) 98292-7635;ursula.alves547@yahoo.com.br
269;Nelson Lima Lopes;(45) 92610-5454;nelson.lima625@uol.com.br
270;Ana Silva Oliveira;(42) 99051-6657;ana.silva307@gmail.com
271;Gabriel Fernandes Alves;(28) 92492-8260;gabriel.fernandes777@hotmail.com
272;Tatiana Monteiro Alves;(83) 96020-7977;tatiana.monteiro66@outlook.com
273;Bruna Sousa Gomes;(19) 93969-7701;bruna.sousa735@hotmail.com
274;Tiago Moraes Andrade;(11) 95425-3172;tiago.moraes270@yahoo.com.br
275;Ivan Freitas Ramos;(99) 94251-2017;ivan.freitas682@uol.com.br
276;Livia Andrade Vieira;(88) 93520-1329;livia.andrade387@hotmail.com
277;Zelia Pinto Pereira;(31) 91737-8869;zelia.pinto987@uol.com.br
278;Nadia Freitas Castro;(28) 91943-2467;nadia.freitas15@yahoo.com.br
279;Waleska Souza Pereira;(19) 97952-2715;waleska.souza383@hotmail.com
280;Fatima Martins Castro;(91) 98780-3351;fatima.martins660@hotmail.com
281;Eduardo Alves Marques;(35) 97286-3262;eduardo.alves507@gmail.com
282;Vanessa Nunes Pereira;(11) 94110-4498;vanessa.nunes664@gmail.com
283;Bruna Fernandes Almeida;(54) 92720-3913;bruna.fernandes446@uol.com.br
284;Ingrid Andrade Sousa;(37) 97795-9933;ingrid.andrade907@gmail.com
285;Ingrid Rodrigues Nunes;(17) 91922-7284;ingrid.rodrigues607@hotmail.com
286;Queila Nascimento Pinto;(27) 99780-9875;queila.nascimento828@hotmail.com
287;Emerson Rocha Andrade;(74) 98051-1270;emerson.rocha36@hotmail.com
288;Wagner Monteiro Nunes;(17) 93316-3429;wagner.monteiro991@hotmail.com
289;Cesar Lopes Araujo;(82) 94165-7606;cesar.lopes560@outlook.com
290;Vanessa Oliveira Gomes;(73) 91391-5206;vanessa.oliveira307@yahoo.com.br
291;Patricia Rocha Lopes;(19) 99352-9589;patricia.rocha844@yahoo.com.br
292;Sandra Vieira Vieira;(31) 94206-6049;sandra.vieira242@outlook.com
293;Daniel Sousa Alves;(74) 93216-2668;daniel.sousa931@outlook.com
294;Beatriz Cardoso Monteiro;(16) 93722-6868;beatriz.cardoso905@gmail.com
295;Emerson Oliveira Freitas;(64) 98974-1543;emerson.oliveira593@yahoo.com.br
296;Daniela Almeida Castro;(35) 93822-3556;daniela.almeida798@gmail.com
297;Ursula Carvalho Pereira;(73) 98485-4860;ursula.carvalho194@hotmail.com
298;Fatima Rodrigues Teixeira;(53) 99469-2246;fatima.rodrigues725@uol.com.br
299;Daniel Correia Lima;(55) 95432-2155;daniel.correia656@outlook.com
300;Mariana Machado Correia;(12) 98487-7774;mariana.machado289@yahoo.com.br
301;Carla Costa Cavalcanti;(19) 94266-7789;carla.costa783@uol.com.br
302;Ivan Cardoso Mendes;(99) 94858-5552;ivan.cardoso355@uol.com.br
303;Sergio Sousa Nascimento;(83) 96121-1799;sergio.sousa978@yahoo.com.br
304;Uendel Andrade Silva;(71) 96992-4855;uendel.andrade685@hotmail.com
305;Eduarda Mendes Santos;(37) 92592-4470;eduarda.mendes49@yahoo.com.br
306;Otavio Souza Vieira;(91) 98322-4982;otavio.souza330@gmail.com
307;Joana Almeida Cardoso;(66) 98650-1328;joana.almeida145@yahoo.com.br
308;Fernanda Monteiro Castro;(74) 93019-6221;fernanda.monteiro547@gmail.com
309;Cesar Nascimento Martins;(65) 93245-7927;cesar.nascimento475@uol.com.br
310;Thiago Araujo Pinto;(42) 93853-6973;thiago.araujo758@gmail.com
311;Emerson Mendes Rocha;(81) 99637-8570;emerson.mendes355@uol.com.br
312;Nelson Barbosa Rodrigues;(46) 98008-7736;nelson.barbosa669@gmail.com
313;Kamila Mendes Sousa;(43) 99569-8781;kamila.mendes696@yahoo.com.br
314;Juliana Costa Correia;(11) 93416-9720;juliana.costa416@gmail.com
315;Carla Araujo Machado;(44) 92753-5498;carla.araujo103@outlook.com
316;Cristina Pinto Carvalho;(84) 97678-2686;cristina.pinto352@outlook.com
317;Sergio Andrade Souza;(34) 97938-4544;sergio.andrade457@gmail.com
318;Vitor Cavalcanti Monteiro;(11) 94063-2189;vitor.cavalcanti625@outlook.com
319;Giovana Lopes Monteiro;(22) 91245-2786;giovana.lopes780@yahoo.com.br
320;Gabriela Alves Pinto;(87) 94514-4462;gabriela.alves204@hotmail.com
321;Vanessa Nascimento Barbosa;(15) 97719-9124;vanessa.nascimento808@outlook.com
322;Daniela Rocha Araujo;(69) 97005-7147;daniela.rocha238@yahoo.com.br
323;Carlos Martins Santos;(84) 91599-8944;carlos.martins709@uol.com.br
324;Waleska Cardoso Pinto;(73) 97741-7113;waleska.cardoso684@gmail.com
325;Lucas Almeida Santos;(48) 91033-7688;lucas.almeida201@yahoo.com.br
326;Mariana Silva Barbosa;(63) 93629-8299;mariana.silva486@uol.com.br
327;Livia Marques Andrade;(64) 99584-3222;livia.marques366@yahoo.com.br
328;Samuel Souza Nunes;(87) 95648-3061;samuel.souza853@gmail.com
329;Samuel Araujo Ramos;(15) 94080-1003;samuel.araujo772@hotmail.com
330;Vitor Santos Nascimento;(53) 91547-5662;vitor.santos554@gmail.com
331;Carlos Gomes Martins;(94) 92800-8011;carlos.gomes329@gmail.com
332;Cristina Sousa Souza;(46) 98940-8679;cristina.sousa383@outlook.com
333;Helena Nunes Carvalho;(73) 96876-8997;helena.nunes517@hotmail.com
334;Livia Martins Martins;(83) 96770-7516;livia.martins399@yahoo.com.br
335;Paulo Cardoso Cavalcanti;(79) 93355-2102;paulo.cardoso303@hotmail.com
336;Gabriela Castro Castro;(22) 99385-4524;gabriela.castro434@hotmail.com
337;Daniel Teixeira Ramos;(97) 93888-3001;daniel.teixeira647@outlook.com
338;Beatriz Martins Monteiro;(49) 93481-5930;beatriz.martins698@outlook.com
339;Tiago Correia Silva;(13) 98522-9554;tiago.correia341@gmail.com
340;Sergio Moraes Pinto;(33) 93412-3808;sergio.moraes175@hotmail.com
341;Leonardo Freitas Gomes;(46) 91569-3561;leonardo.freitas587@hotmail.com
342;Elaine Ferreira Gomes;(55) 91532-1216;elaine.ferreira33@uol.com.br
343;Thiago Machado Lopes;(89) 97523-1547;thiago.machado440@uol.com.br
344;Lucas Machado Santos;(64) 97027-1357;lucas.machado974@uol.com.br
345;Otavio Ribeiro Vieira;(83) 99017-4894;otavio.ribeiro880@hotmail.com
346;Ivan Rodrigues Ramos;(92) 97630-7607;ivan.rodrigues665@yahoo.com.br
347;Ivan Vieira Sousa;(88) 99243-5085;ivan.vieira742@outlook.com
348;Carla Barbosa Ramos;(24) 99107-6901;carla.barbosa596@gmail.com
349;Pedro Freitas Lima;(11) 94115-7625;pedro.freitas560@uol.com.br
350;Joana Rocha Marques;(41) 98125-6955;joana.rocha976@gmail.com
351;Waleska Nascimento Sousa;(42) 97271-6161;waleska.nascimento27@gmail.com
352;Fabricio Silva Silva;(82) 97222-1806;fabricio.silva512@hotmail.com
353;Patricia Moraes Barbosa;(65) 96747-6290;patricia.moraes106@yahoo.com.br
354;Uendel Correia Gomes;(98) 93149-6033;uendel.correia427@gmail.com
355;Gabriel Monteiro Nascimento;(17) 91119-6031;gabriel.monteiro704@yahoo.com.br
356;Ivan Mendes Gomes;(84) 96863-3665;ivan.mendes807@yahoo.com.br
357;Sandra Oliveira Ramos;(53) 98465-8967;sandra.oliveira731@gmail.com
358;Ursula Machado Mendes;(11) 95127-8023;ursula.machado125@hotmail.com
359;Elaine Cavalcanti Silva;(64) 96058-9544;elaine.cavalcanti668@yahoo.com.br
360;Daniela Ferreira Pinto;(53) 93438-5351;daniela.ferreira328@yahoo.com.br
361;Nelson Santos Souza;(45) 93173-4080;nelson.santos972@outlook.com
362;Patricia Pereira Moreira;(88) 95506-7521;patricia.pereira286@yahoo.com.br
363;Wagner Machado Dias;(95) 98150-4086;wagner.machado737@yahoo.com.br
364;Bruna Rocha Rocha;(96) 91614-2440;bruna.rocha485@outlook.com
365;Gabriela Ramos Nunes;(16) 91736-3534;gabriela.ramos770@hotmail.com
366;Kevin Gomes Correia;(98) 94209-2790;kevin.gomes258@hotmail.com
367;Alexandre Mendes Pereira;(93) 92060-3428;alexandre.mendes781@yahoo.com.br
368;Marcelo Costa Pinto;(41) 96646-9964;marcelo.costa7@yahoo.com.br
369;Fabricio Monteiro Almeida;(84) 97235-7694;fabricio.monteiro249@gmail.com
370;Cesar Lima Moraes;(32) 93769-5028;cesar.lima204@hotmail.com
371;João Moreira Nunes;(99) 97998-3677;joão.moreira882@gmail.com
372;Ana Gomes Freitas;(74) 91053-6409;ana.gomes773@hotmail.com
373;Marcelo Dias Pinto;(37) 96923-1774;marcelo.dias963@outlook.com
374;Emerson Lima Marques;(61) 98140-2765;emerson.lima777@yahoo.com.br
375;Pedro Lopes Gomes;(74) 95810-4020;pedro.lopes676@gmail.com
376;Gabriel Carvalho Freitas;(65) 96454-8308;gabriel.carvalho258@yahoo.com.br
377;Sandra Moreira Oliveira;(85) 92609-7519;sandra.moreira806@yahoo.com.br
378;Fatima Silva Rodrigues;(97) 95166-8507;fatima.silva858@yahoo.com.br
379;Cesar Silva Silva;(92) 92440-7282;cesar.silva857@hotmail.com
380;Olivia Marques Monteiro;(81) 97904-8182;olivia.marques898@yahoo.com.br
381;Olivia Carvalho Carvalho;(75) 93113-6565;olivia.carvalho264@yahoo.com.br
382;Debora Monteiro Rocha;(13) 96810-3260;debora.monteiro899@hotmail.com
383;Fabricio Lima Almeida;(79) 97684-3403;fabricio.lima403@uol.com.br
384;Daniela Nunes Alves;(42) 98533-6374;daniela.nunes413@gmail.com
385;Kamila Souza Pinto;(13) 96612-6736;kamila.souza184@uol.com.br
386;Isabela Carvalho Vieira;(31) 97015-7139;isabela.carvalho590@outlook.com
387;Igor Andrade Oliveira;(37) 95504-6457;igor.andrade111@yahoo.com.br
388;Xenya Santos Santos;(64) 97979-8132;xenya.santos487@outlook.com
389;Bruna Machado Ramos;(83) 93872-1310;bruna.machado133@yahoo.com.br
390;Elaine Freitas Machado;(27) 99676-4860;elaine.freitas666@outlook.com
391;Zelia Cardoso Nascimento;(31) 91551-4540;zelia.cardoso262@gmail.com
392;Pedro Marques Marques;(11) 96279-4004;pedro.marques975@outlook.com
393;Sergio Moreira Marques;(62) 98606-6820;sergio.moreira201@hotmail.com
394;Leonardo Ferreira Machado;(28) 92309-8290;leonardo.ferreira898@uol.com.br
395;Paulo Ramos Ramos;(84) 97321-9327;paulo.ramos227@hotmail.com
396;Sergio Correia Andrade;(38) 97898-6042;sergio.correia530@gmail.com
397;Fernanda Moraes Nascimento;(32) 93771-3236;fernanda.moraes819@yahoo.com.br
398;Henrique Freitas Rodrigues;(61) 96076-1723;henrique.freitas907@gmail.com
399;Samuel Machado Oliveira;(49) 99199-6308;samuel.machado321@outlook.com
400;Lucas Monteiro Castro;(95) 99179-5639;lucas.monteiro257@yahoo.com.br
401;Sergio Santos Gomes;(49) 98893-4994;sergio.santos497@yahoo.com.br
402;Eduarda Nascimento Santos;(35) 99677-7285;eduarda.nascimento636@gmail.com
403;Livia Alves Machado;(65) 95907-8957;livia.alves15@uol.com.br
404;Daniel Andrade Nunes;(53) 99591-4653;daniel.andrade754@uol.com.br
405;Samuel Nunes Oliveira;(75) 99071-3767;samuel.nunes655@hotmail.com
406;João Cardoso Ferreira;(99) 95344-2724;joão.cardoso212@gmail.com
407;Olivia Andrade Mendes;(13) 91942-2120;olivia.andrade385@uol.com.br
408;Ulisses Cavalcanti Martins;(79) 95710-9106;ulisses.cavalcanti983@hotmail.com
409;Eduardo Nunes Pinto;(74) 96305-3903;eduardo.nunes779@uol.com.br
410;Paulo Ribeiro Pereira;(62) 94462-7542;paulo.ribeiro680@gmail.com
411;Livia Machado Martins;(69) 93854-9012;livia.machado203@uol.com.br
412;Kamila Nunes Machado;(85) 95546-4806;kamila.nunes180@outlook.com
413;Rafael Rocha Almeida;(43) 97507-5303;rafael.rocha658@outlook.com
414;João Souza Freitas;(86) 93036-4590;joão.souza706@outlook.com
415;Henrique Rodrigues Pinto;(94) 99457-2294;henrique.rodrigues909@outlook.com
416;Livia Ribeiro Ramos;(95) 92903-9652;livia.ribeiro459@yahoo.com.br
417;Sergio Carvalho Vieira;(15) 91301-1685;sergio.carvalho412@outlook.com
418;Kevin Fernandes Carvalho;(64) 94199-6534;kevin.fernandes336@gmail.com
419;Otavio Lopes Moreira;(98) 99945-7259;otavio.lopes600@hotmail.com
420;Leonardo Ferreira Nascimento;(73) 97216-6332;leonardo.ferreira40@yahoo.com.br
421;Gabriel Mendes Lopes;(82) 95411-5955;gabriel.mendes113@yahoo.com.br
422;Debora Lopes Dias;(53) 94935-9041;debora.lopes114@outlook.com
423;Ana Freitas Moreira;(87) 95967-9889;ana.freitas291@outlook.com
424;João Alves Alves;(43) 96447-5765;joão.alves513@uol.com.br
425;Bruno Castro Monteiro;(54) 99179-2246;bruno.castro14@outlook.com
426;Alexandre Rodrigues Souza;(68) 98471-1865;alexandre.rodrigues70@gmail.com
427;Fabricio Pereira Costa;(83) 97002-4412;fabricio.pereira812@outlook.com
428;Emerson Rodrigues Teixeira;(34) 96885-8294;emerson.rodrigues317@yahoo.com.br
429;Igor Araujo Correia;(38) 99255-3638;igor.araujo639@gmail.com
430;Bruna Ramos Nascimento;(19) 98393-6893;bruna.ramos321@gmail.com
431;Nelson Vieira Carvalho;(89) 92947-3619;nelson.vieira618@yahoo.com.br
432;Rafael Cavalcanti Andrade;(32) 96903-5901;rafael.cavalcanti647@yahoo.com.br
433;Karina Silva Barbosa;(41) 96108-9904;karina.silva601@hotmail.com
434;Hudson Santos Pinto;(48) 95148-6870;hudson.santos569@gmail.com
435;Helena Alves Araujo;(43) 91675-9708;helena.alves621@outlook.com
436;Xenya Moraes Castro;(96) 96704-6072;xenya.moraes43@gmail.com
437;Queila Cardoso Ribeiro;(51) 98130-6155;queila.cardoso698@yahoo.com.br
438;Lucas Moreira Pereira;(22) 92294-5270;lucas.moreira642@uol.com.br
439;Vitor Fernandes Nascimento;(48) 99475-4667;vitor.fernandes433@hotmail.com
440;Sandra Pinto Rodrigues;(74) 98960-8722;sandra.pinto477@yahoo.com.br
441;Gabriela Sousa Moraes;(68) 99564-4107;gabriela.sousa272@gmail.com
442;Beatriz Sousa Freitas;(96) 92685-1916;beatriz.sousa303@outlook.com
443;Yasmin Silva Santos;(83) 99122-6314;yasmin.silva180@yahoo.com.br
444;Emerson Silva Ferreira;(91) 97858-9534;emerson.silva249@yahoo.com.br
445;Mariana Silva Costa;(71) 91832-5340;mariana.silva948@uol.com.br
446;Giovana Moraes Cavalcanti;(13) 92456-7848;giovana.moraes636@uol.com.br
447;Ivan Araujo Araujo;(27) 94908-9796;ivan.araujo233@outlook.com
448;Ursula Pereira Cardoso;(47) 92730-8864;ursula.pereira99@outlook.com
449;Livia Carvalho Lima;(51) 96680-1501;livia.carvalho301@outlook.com
450;Paulo Barbosa Martins;(61) 99726-7603;paulo.barbosa46@outlook.com
451;Larissa Machado Pinto;(28) 91741-4862;larissa.machado306@yahoo.com.br
452;Natalia Rodrigues Alves;(65) 98780-4213;natalia.rodrigues392@hotmail.com
453;Gabriel Freitas Moraes;(53) 96287-9053;gabriel.freitas980@hotmail.com
454;Nicolas Rocha Machado;(11) 91640-2836;nicolas.rocha571@hotmail.com
455;Tiago Araujo Moraes;(65) 98378-8916;tiago.araujo149@uol.com.br
456;Helena Ribeiro Pereira;(11) 93491-6008;helena.ribeiro864@uol.com.br
457;Cesar Andrade Fernandes;(48) 94122-8705;cesar.andrade943@gmail.com
458;Igor Fernandes Martins;(74) 98220-5501;igor.fernandes151@uol.com.br
459;Thiago Lopes Gomes;(53) 91027-9494;thiago.lopes1@gmail.com
460;Gabriel Castro Vieira;(79) 95486-5519;gabriel.castro483@yahoo.com.br
461;Diego Andrade Lopes;(37) 95454-8238;diego.andrade255@yahoo.com.br
462;Vitor Monteiro Ramos;(89) 99590-7490;vitor.monteiro536@yahoo.com.br
463;Waleska Rocha Martins;(18) 94199-7372;waleska.rocha777@yahoo.com.br
464;Vanessa Vieira Nascimento;(18) 98283-6256;vanessa.vieira855@outlook.com
465;Ricardo Rodrigues Almeida;(16) 96015-9305;ricardo.rodrigues844@outlook.com
466;Fabricio Andrade Cavalcanti;(41) 99880-6543;fabricio.andrade31@gmail.com
467;Monica Lima Oliveira;(42) 97044-2757;monica.lima92@gmail.com
468;Sergio Almeida Lima;(55) 99453-3821;sergio.almeida56@uol.com.br
469;Carlos Moreira Ribeiro;(67) 98644-6309;carlos.moreira311@outlook.com
470;Ricardo Rocha Moreira;(75) 93851-1922;ricardo.rocha768@yahoo.com.br
471;Juliana Costa Oliveira;(83) 95137-3288;juliana.costa447@hotmail.com
472;Carlos Moraes Barbosa;(42) 93785-7764;carlos.moraes831@uol.com.br
473;Bruna Oliveira Alves;(44) 91838-6941;bruna.oliveira261@uol.com.br
474;Fabricio Andrade Marques;(86) 95125-8484;fabricio.andrade377@uol.com.br
475;Fernanda Pinto Moraes;(66) 94405-5122;fernanda.pinto126@outlook.com
476;Kaique Sousa Carvalho;(34) 99199-9436;kaique.sousa88@outlook.com
477;Daniela Dias Lima;(15) 98066-6688;daniela.dias912@yahoo.com.br
478;Gustavo Marques Ribeiro;(51) 95082-9405;gustavo.marques296@outlook.com
479;Diego Nascimento Monteiro;(84) 95617-4966;diego.nascimento59@gmail.com
480;Larissa Gomes Barbosa;(32) 98144-2883;larissa.gomes910@yahoo.com.br
481;Samuel Ribeiro Oliveira;(67) 98215-2401;samuel.ribeiro933@outlook.com
482;Ricardo Gomes Cavalcanti;(69) 96036-2680;ricardo.gomes969@yahoo.com.br
483;Fatima Nascimento Moraes;(38) 94501-8385;fatima.nascimento169@hotmail.com
484;Yasmin Rocha Vieira;(75) 91594-1103;yasmin.rocha984@gmail.com
485;Beatriz Lopes Mendes;(27) 91478-8131;beatriz.lopes722@yahoo.com.br
486;Pedro Cavalcanti Souza;(38) 93209-3406;pedro.cavalcanti685@uol.com.br
487;Xenya Correia Araujo;(97) 91767-1549;xenya.correia189@uol.com.br
488;Queila Ferreira Oliveira;(69) 92843-5333;queila.ferreira348@hotmail.com
489;Felipe Ramos Correia;(46) 98473-8693;felipe.ramos678@outlook.com
490;Juliana Moreira Cavalcanti;(82) 95078-2439;juliana.moreira799@outlook.com
491;Giovana Rocha Santos;(71) 91355-1017;giovana.rocha640@hotmail.com
492;Kamila Marques Carvalho;(41) 96943-1793;kamila.marques50@hotmail.com
493;Orlando Monteiro Sousa;(93) 97230-9466;orlando.monteiro590@gmail.com
494;Nadia Monteiro Almeida;(16) 96721-3262;nadia.monteiro150@yahoo.com.br
495;Nicolas Machado Gomes;(64) 99770-4492;nicolas.machado154@gmail.com
496;Isabela Moraes Oliveira;(83) 93552-5659;isabela.moraes98@hotmail.com
497;Heloisa Pereira Barbosa;(88) 94937-5389;heloisa.pereira557@outlook.com
498;Olivia Costa Nascimento;(85) 95653-8669;olivia.costa738@outlook.com
499;Emerson Machado Almeida;(86) 97997-7653;emerson.machado148@yahoo.com.br
500;Kevin Ferreira Oliveira;(27) 91749-4712;kevin.ferreira22@gmail.com